,Area,Perimeter,Major_Axis_Length,Minor_Axis_Length,Convex_Area,Equiv_Diameter,Eccentricity,Solidity,Extent,Roundness,Aspect_Ration,Compactness,Class
0,63011,961.163,371.5589,216.594,63511,283.2456,0.8125,0.9921,0.7301,0.8571,1.7155,0.7623,Çerçevelik
1,75917,1069.411,420.2925,230.6208,76613,310.9028,0.836,0.9909,0.7132,0.8342,1.8224,0.7397,Çerçevelik
2,75988,1091.948,447.6035,217.3051,76566,311.0481,0.8742,0.9925,0.7079,0.8008,2.0598,0.6949,Ürgüp Sivrisi
3,85968,1168.743,479.1606,229.2326,87008,330.8442,0.8781,0.988,0.7495,0.7909,2.0903,0.6905,Çerçevelik
4,85386,1138.193,438.2698,248.8453,86282,329.7224,0.8232,0.9896,0.7093,0.8283,1.7612,0.7523,Çerçevelik
5,80151,1088.349,420.8842,244.2649,80854,319.4549,0.8144,0.9913,0.7285,0.8503,1.7231,0.759,Çerçevelik
6,75565,1103.473,456.6652,211.2349,76167,310.1812,0.8866,0.9921,0.7174,0.7798,2.1619,0.6792,Ürgüp Sivrisi
7,86271,1103.9,413.2415,266.7061,87011,331.4267,0.7638,0.9915,0.7407,0.8896,1.5494,0.802,Çerçevelik
8,69184,999.154,374.2791,236.1308,69986,296.7959,0.7759,0.9885,0.7221,0.8709,1.585,0.793,Çerçevelik
9,72109,1031.801,414.9175,221.8285,72725,303.005,0.8451,0.9915,0.6819,0.8512,1.8704,0.7303,Çerçevelik
10,72824,1143.769,493.4279,189.1745,73862,304.5035,0.9236,0.9859,0.6136,0.6995,2.6083,0.6171,Ürgüp Sivrisi
11,90785,1194.154,488.2466,237.2655,91588,339.9868,0.874,0.9912,0.7532,0.8,2.0578,0.6963,Ürgüp Sivrisi
12,68426,966.046,353.3552,247.1532,68894,295.1655,0.7147,0.9932,0.736,0.9214,1.4297,0.8353,Çerçevelik
13,90502,1156.473,441.8533,261.7291,91383,339.4565,0.8057,0.9904,0.702,0.8503,1.6882,0.7683,Çerçevelik
14,71077,1136.241,488.2891,186.0013,71792,300.8289,0.9246,0.99,0.5132,0.6918,2.6252,0.6161,Ürgüp Sivrisi
15,101495,1260.47,509.7703,255.292,102337,359.4822,0.8656,0.9918,0.6956,0.8028,1.9968,0.7052,Ürgüp Sivrisi
16,68712,1049.409,427.3806,205.9922,69670,295.7817,0.8762,0.9862,0.6016,0.7841,2.0747,0.6921,Çerçevelik
17,69631,1068.129,444.6642,199.9006,70351,297.7532,0.8933,0.9898,0.713,0.7669,2.2244,0.6696,Ürgüp Sivrisi
18,90209,1212.904,500.1103,230.3826,91059,338.9066,0.8876,0.9907,0.7219,0.7706,2.1708,0.6777,Ürgüp Sivrisi
19,66702,1029.563,420.897,203.1187,67399,291.4234,0.8758,0.9897,0.7126,0.7908,2.0722,0.6924,Çerçevelik
20,83925,1126.195,420.7138,255.9503,85405,326.8893,0.7937,0.9827,0.7069,0.8315,1.6437,0.777,Çerçevelik
21,84726,1133.008,455.7148,237.8724,85348,328.4456,0.853,0.9927,0.7421,0.8294,1.9158,0.7207,Çerçevelik
22,84041,1189.879,493.6058,217.7632,85051,327.1152,0.8974,0.9881,0.59,0.7459,2.2667,0.6627,Ürgüp Sivrisi
23,94199,1175.312,455.8739,263.7459,94930,346.3205,0.8156,0.9923,0.7448,0.8569,1.7285,0.7597,Çerçevelik
24,103283,1363.706,592.065,223.072,104077,362.6348,0.9263,0.9924,0.7463,0.6979,2.6541,0.6125,Ürgüp Sivrisi
25,77994,1053.608,388.7629,256.4702,78700,315.127,0.7515,0.991,0.734,0.8829,1.5158,0.8106,Çerçevelik
26,89747,1206.364,498.7569,229.8469,90485,338.0376,0.8875,0.9918,0.7109,0.7749,2.17,0.6778,Ürgüp Sivrisi
27,94732,1264.286,528.8004,228.8145,95643,347.2989,0.9015,0.9905,0.6916,0.7448,2.311,0.6568,Ürgüp Sivrisi
28,87044,1125.883,423.9326,262.8633,87868,332.9082,0.7846,0.9906,0.7154,0.8629,1.6127,0.7853,Çerçevelik
29,67292,977.074,364.6112,236.1088,68184,292.7095,0.762,0.9869,0.7249,0.8858,1.5443,0.8028,Çerçevelik
30,81992,1174.797,494.1882,212.9167,82907,323.1029,0.9024,0.989,0.6903,0.7465,2.321,0.6538,Ürgüp Sivrisi
31,85325,1218.305,520.3233,209.3823,86287,329.6046,0.9155,0.9889,0.6995,0.7224,2.485,0.6335,Ürgüp Sivrisi
32,57840,986.473,418.9703,176.5556,58299,271.3746,0.9069,0.9921,0.6186,0.7469,2.373,0.6477,Ürgüp Sivrisi
33,80286,1121.058,453.9591,226.7589,80997,319.7238,0.8663,0.9912,0.6955,0.8028,2.0019,0.7043,Ürgüp Sivrisi
34,80847,1154.282,485.1506,212.8162,81690,320.8389,0.8987,0.9897,0.7678,0.7625,2.2797,0.6613,Ürgüp Sivrisi
35,69132,961.531,342.3836,257.6274,69616,296.6843,0.6586,0.993,0.7391,0.9396,1.329,0.8665,Çerçevelik
36,55082,1037.748,464.2759,152.1718,55733,264.8256,0.9448,0.9883,0.6255,0.6427,3.051,0.5704,Ürgüp Sivrisi
37,73528,1120.983,470.4879,200.6111,74343,305.9718,0.9045,0.989,0.673,0.7353,2.3453,0.6503,Ürgüp Sivrisi
38,55816,945.573,385.8759,184.8815,56414,266.5842,0.8777,0.9894,0.7054,0.7845,2.0872,0.6909,Ürgüp Sivrisi
39,70595,1028.377,406.0595,222.3746,71268,299.8072,0.8367,0.9906,0.662,0.8388,1.826,0.7383,Çerçevelik
40,71327,1035.464,415.7296,219.3659,72057,301.3575,0.8495,0.9899,0.6928,0.836,1.8951,0.7249,Çerçevelik
41,75667,1056.941,413.9199,233.5927,76369,310.3904,0.8255,0.9908,0.7255,0.8512,1.772,0.7499,Çerçevelik
42,102083,1227.894,470.3148,277.6607,103009,360.522,0.8071,0.991,0.7005,0.8508,1.6938,0.7666,Çerçevelik
43,75019,1156.906,498.474,192.8054,75706,309.0585,0.9222,0.9909,0.6628,0.7043,2.5854,0.62,Ürgüp Sivrisi
44,75382,1094.137,447.4592,216.1576,75986,309.8053,0.8756,0.9921,0.6225,0.7913,2.0701,0.6924,Ürgüp Sivrisi
45,92226,1215.805,500.153,235.1449,92967,342.6745,0.8826,0.992,0.6174,0.784,2.127,0.6851,Ürgüp Sivrisi
46,88746,1118.471,427.3974,264.9041,89419,336.1472,0.7848,0.9925,0.7155,0.8915,1.6134,0.7865,Çerçevelik
47,65411,962.03,359.5264,232.5253,66102,288.5895,0.7627,0.9895,0.7266,0.8881,1.5462,0.8027,Çerçevelik
48,69621,1055.941,427.1444,207.8892,70399,297.7318,0.8736,0.9889,0.6222,0.7846,2.0547,0.697,Çerçevelik
49,76930,1063.152,417.3471,235.203,77536,312.9702,0.8261,0.9922,0.6703,0.8553,1.7744,0.7499,Çerçevelik
50,64646,1030.018,431.0951,191.7079,65209,286.8969,0.8957,0.9914,0.5681,0.7657,2.2487,0.6655,Ürgüp Sivrisi
51,77223,1072.853,424.1167,232.6529,77971,313.5656,0.8361,0.9904,0.6641,0.8431,1.823,0.7393,Çerçevelik
52,105261,1283.419,518.0744,260.564,106036,366.0908,0.8643,0.9927,0.672,0.803,1.9883,0.7066,Ürgüp Sivrisi
53,84565,1178.591,485.3229,224.5235,85993,328.1334,0.8866,0.9834,0.7316,0.765,2.1616,0.6761,Çerçevelik
54,94617,1190.017,472.3136,255.8155,95364,347.088,0.8406,0.9922,0.7159,0.8396,1.8463,0.7349,Çerçevelik
55,73030,1107.544,468.1412,199.4204,73777,304.9339,0.9047,0.9899,0.5559,0.7482,2.3475,0.6514,Ürgüp Sivrisi
56,71362,1049.755,414.9604,219.8383,72526,301.4315,0.8481,0.984,0.6529,0.8138,1.8876,0.7264,Çerçevelik
57,87725,1129.926,438.6437,255.0491,88442,334.2079,0.8136,0.9919,0.7262,0.8634,1.7198,0.7619,Çerçevelik
58,91684,1258.478,530.5746,221.7048,92605,341.6661,0.9085,0.9901,0.7461,0.7275,2.3932,0.644,Ürgüp Sivrisi
59,70609,1011.299,393.8305,228.639,71270,299.8369,0.8142,0.9907,0.6798,0.8676,1.7225,0.7613,Çerçevelik
60,85309,1265.954,550.4167,200.7066,86486,329.5737,0.9311,0.9864,0.7082,0.6689,2.7424,0.5988,Ürgüp Sivrisi
61,70452,1030.873,406.2796,222.2445,71301,299.5034,0.8371,0.9881,0.6972,0.8331,1.8281,0.7372,Çerçevelik
62,99088,1284.605,541.8463,233.7242,99886,355.194,0.9022,0.992,0.6469,0.7546,2.3183,0.6555,Ürgüp Sivrisi
63,72184,1054.808,416.5983,220.9089,72940,303.1625,0.8478,0.9896,0.6359,0.8153,1.8858,0.7277,Çerçevelik
64,94907,1165.418,447.2711,271.3401,95558,347.6195,0.795,0.9932,0.7462,0.8781,1.6484,0.7772,Çerçevelik
65,85039,1130.265,433.7324,250.862,85907,329.0517,0.8158,0.9899,0.6958,0.8365,1.729,0.7587,Çerçevelik
66,97595,1216.695,463.6531,270.2814,98794,352.5079,0.8125,0.9879,0.6919,0.8285,1.7154,0.7603,Çerçevelik
67,91103,1219.041,511.1503,228.2605,91730,340.5818,0.8948,0.9932,0.7589,0.7704,2.2393,0.6663,Ürgüp Sivrisi
68,55763,926.686,377.8193,188.2779,56282,266.4576,0.867,0.9908,0.6657,0.816,2.0067,0.7053,Ürgüp Sivrisi
69,71301,1063.55,435.476,209.8068,72045,301.3026,0.8763,0.9897,0.6796,0.7921,2.0756,0.6919,Ürgüp Sivrisi
70,80620,1115.305,442.9678,233.8452,81544,320.3882,0.8493,0.9887,0.6338,0.8145,1.8943,0.7233,Çerçevelik
71,79094,1067.391,391.1249,257.9062,79802,317.3415,0.7518,0.9911,0.749,0.8724,1.5165,0.8114,Çerçevelik
72,73830,1049.961,408.9587,231.2489,74577,306.5995,0.8248,0.99,0.6502,0.8416,1.7685,0.7497,Çerçevelik
73,93261,1229.362,509.301,234.175,93958,344.5919,0.888,0.9926,0.7502,0.7754,2.1749,0.6766,Ürgüp Sivrisi
74,72713,1039.375,401.8137,231.1989,73336,304.2714,0.8179,0.9915,0.6861,0.8458,1.738,0.7572,Çerçevelik
75,80283,1140.197,471.151,217.973,80940,319.7178,0.8865,0.9919,0.6921,0.776,2.1615,0.6786,Ürgüp Sivrisi
76,65313,985.188,378.0683,221.3678,65985,288.3732,0.8107,0.9898,0.6706,0.8456,1.7079,0.7628,Çerçevelik
77,70771,1016.414,387.1938,234.0186,71451,300.1807,0.7967,0.9905,0.7201,0.8608,1.6545,0.7753,Çerçevelik
78,81489,1177.822,497.0192,209.5395,82259,322.1103,0.9068,0.9906,0.7245,0.7382,2.372,0.6481,Ürgüp Sivrisi
79,104814,1247.831,470.9968,284.5436,105956,365.3126,0.7969,0.9892,0.733,0.8459,1.6553,0.7756,Çerçevelik
80,81422,1153.561,480.8185,216.2706,82045,321.9778,0.8931,0.9924,0.6746,0.7689,2.2232,0.6696,Ürgüp Sivrisi
81,99828,1312.477,543.4908,234.6214,100991,356.5178,0.902,0.9885,0.6112,0.7282,2.3165,0.656,Ürgüp Sivrisi
82,100038,1292.66,534.7156,239.304,101116,356.8926,0.8943,0.9893,0.7503,0.7523,2.2345,0.6674,Ürgüp Sivrisi
83,84878,1222.544,520.9572,208.7279,85960,328.7401,0.9162,0.9874,0.7335,0.7136,2.4959,0.631,Ürgüp Sivrisi
84,97248,1244.141,513.9794,242.3916,97960,351.8807,0.8818,0.9927,0.7582,0.7895,2.1205,0.6846,Ürgüp Sivrisi
85,98628,1204.172,460.7255,273.9251,99602,354.3686,0.8041,0.9902,0.7212,0.8547,1.6819,0.7692,Çerçevelik
86,72291,1069.258,430.852,215.6334,73441,303.3871,0.8657,0.9843,0.663,0.7946,1.9981,0.7042,Çerçevelik
87,78618,1174.681,475.5418,212.0995,79874,316.3851,0.895,0.9843,0.5588,0.716,2.2421,0.6653,Ürgüp Sivrisi
88,67762,1135.367,506.0381,172.8806,68540,293.7299,0.9398,0.9886,0.7775,0.6606,2.9271,0.5805,Ürgüp Sivrisi
89,95817,1261.135,523.8675,233.9625,96609,349.2821,0.8947,0.9918,0.6487,0.7571,2.2391,0.6667,Ürgüp Sivrisi
90,80481,1105.159,440.6685,233.3747,81334,320.1118,0.8483,0.9895,0.6674,0.828,1.8882,0.7264,Çerçevelik
91,71723,1109.773,472.3027,194.7114,72336,302.1929,0.9111,0.9915,0.7271,0.7318,2.4257,0.6398,Ürgüp Sivrisi
92,71563,1099.323,470.8907,194.1545,72156,301.8557,0.911,0.9918,0.6749,0.7441,2.4253,0.641,Ürgüp Sivrisi
93,78435,1110.106,459.7178,217.642,78988,316.0167,0.8808,0.993,0.7532,0.7998,2.1123,0.6874,Ürgüp Sivrisi
94,87034,1162.092,470.0361,237.0354,88251,332.8891,0.8635,0.9862,0.7623,0.8099,1.983,0.7082,Çerçevelik
95,87576,1158.624,459.7797,243.7052,88477,333.924,0.848,0.9898,0.6403,0.8198,1.8866,0.7263,Çerçevelik
96,99057,1264.881,511.9447,246.9981,99987,355.1384,0.8759,0.9907,0.6015,0.778,2.0727,0.6937,Çerçevelik
97,78888,1198.946,393.6267,258.0186,80294,316.9279,0.7552,0.9825,0.7368,0.6896,1.5256,0.8051,Çerçevelik
98,75110,1061.797,417.4273,231.0868,76105,309.2459,0.8328,0.9869,0.6705,0.8372,1.8064,0.7408,Çerçevelik
99,73492,1078.682,425.3559,221.2959,74329,305.8969,0.854,0.9887,0.6878,0.7937,1.9221,0.7192,Çerçevelik
100,90489,1180.429,468.9082,247.2828,91352,339.4321,0.8496,0.9906,0.7195,0.8161,1.8962,0.7239,Çerçevelik
101,56561,902.59,342.3154,210.7994,57075,268.3574,0.7879,0.991,0.7351,0.8725,1.6239,0.7839,Çerçevelik
102,97902,1233.711,491.1406,254.7969,99020,353.0619,0.8549,0.9887,0.7756,0.8083,1.9276,0.7189,Çerçevelik
103,65452,1012.716,409.3489,204.1677,66065,288.6799,0.8667,0.9907,0.7458,0.802,2.005,0.7052,Çerçevelik
104,65691,1122.062,492.8912,170.134,66383,289.2065,0.9385,0.9896,0.468,0.6557,2.8971,0.5868,Ürgüp Sivrisi
105,90106,1300.553,501.3463,231.4713,91944,338.713,0.887,0.98,0.6802,0.6694,2.1659,0.6756,Ürgüp Sivrisi
106,68063,1139.029,505.1026,173.269,68640,294.3816,0.9393,0.9916,0.7551,0.6593,2.9151,0.5828,Ürgüp Sivrisi
107,84842,1130.448,429.4275,253.5051,86185,328.6703,0.8072,0.9844,0.6864,0.8343,1.694,0.7654,Çerçevelik
108,86012,1211.934,515.8088,214.1546,86709,330.9288,0.9097,0.992,0.7661,0.7359,2.4086,0.6416,Ürgüp Sivrisi
109,132035,1520.525,640.1907,265.3734,133706,410.0149,0.91,0.9875,0.5606,0.7176,2.4124,0.6405,Ürgüp Sivrisi
110,82296,1171.846,484.4867,216.6252,83021,323.7013,0.8945,0.9913,0.7578,0.7531,2.2365,0.6681,Ürgüp Sivrisi
111,98568,1373.866,561.5072,226.9396,100509,354.2607,0.9147,0.9807,0.5299,0.6562,2.4743,0.6309,Ürgüp Sivrisi
112,60862,993.659,412.4361,188.213,61487,278.3737,0.8898,0.9898,0.6192,0.7746,2.1913,0.6749,Ürgüp Sivrisi
113,85670,1188.601,492.793,222.0777,86496,330.2702,0.8927,0.9905,0.6533,0.762,2.219,0.6702,Ürgüp Sivrisi
114,108654,1376.437,584.4799,238.2707,109985,371.9443,0.9131,0.9879,0.6113,0.7207,2.453,0.6364,Ürgüp Sivrisi
115,89466,1203.82,468.1915,244.8638,90793,337.508,0.8523,0.9854,0.7427,0.7758,1.912,0.7209,Ürgüp Sivrisi
116,57012,906.564,343.189,213.5493,57758,269.4252,0.7828,0.9871,0.6875,0.8717,1.6071,0.7851,Çerçevelik
117,64602,1006.09,409.7334,201.4131,65133,286.7993,0.8708,0.9918,0.7466,0.802,2.0343,0.7,Ürgüp Sivrisi
118,78553,1160.606,488.4605,206.2977,79303,316.2543,0.9064,0.9905,0.545,0.7328,2.3677,0.6475,Ürgüp Sivrisi
119,87984,1264.041,545.023,205.9718,88755,334.7009,0.9258,0.9913,0.7808,0.692,2.6461,0.6141,Ürgüp Sivrisi
120,93178,1124.779,405.6369,293.47,93976,344.4385,0.6903,0.9915,0.7755,0.9255,1.3822,0.8491,Çerçevelik
121,102794,1304.159,539.3526,243.5878,103596,361.7753,0.8922,0.9923,0.7039,0.7595,2.2142,0.6708,Ürgüp Sivrisi
122,85579,1206.655,511.7507,213.8361,86299,330.0948,0.9085,0.9917,0.5534,0.7386,2.3932,0.645,Ürgüp Sivrisi
123,71027,1144.787,500.4918,182.442,71698,300.7231,0.9312,0.9906,0.7182,0.6811,2.7433,0.6009,Ürgüp Sivrisi
124,93470,1197.947,457.1034,262.3202,95359,344.9778,0.8189,0.9802,0.7231,0.8185,1.7425,0.7547,Çerçevelik
125,80417,1100.4,430.1269,238.7222,81092,319.9845,0.8318,0.9917,0.7502,0.8346,1.8018,0.7439,Çerçevelik
126,95150,1243.634,513.2519,239.3845,96438,348.0643,0.8846,0.9866,0.7451,0.7731,2.144,0.6782,Çerçevelik
127,135455,1451.905,580.8759,297.7952,136373,415.2911,0.8586,0.9933,0.6928,0.8075,1.9506,0.7149,Ürgüp Sivrisi
128,67628,1060.599,446.1656,194.1681,68180,293.4393,0.9003,0.9919,0.7456,0.7555,2.2978,0.6577,Ürgüp Sivrisi
129,64543,959.774,364.3535,226.7457,65140,286.6683,0.7828,0.9908,0.703,0.8805,1.6069,0.7868,Çerçevelik
130,68712,1025.339,410.3945,214.398,69352,295.7817,0.8527,0.9908,0.7175,0.8213,1.9142,0.7207,Ürgüp Sivrisi
131,99069,1275.454,530.3301,238.6435,99759,355.1599,0.893,0.9931,0.6941,0.7653,2.2223,0.6697,Ürgüp Sivrisi
132,68697,1111.683,481.5484,183.763,69826,295.7494,0.9243,0.9838,0.7106,0.6985,2.6205,0.6142,Ürgüp Sivrisi
133,80252,1112.983,452.8721,226.4513,80819,319.6561,0.866,0.993,0.6762,0.8141,1.9999,0.7058,Ürgüp Sivrisi
134,77957,1080.957,426.9829,233.7188,78761,315.0523,0.8369,0.9898,0.7229,0.8384,1.8269,0.7379,Çerçevelik
135,70087,1004.981,389.6974,229.8159,70788,298.7265,0.8076,0.9901,0.6869,0.872,1.6957,0.7666,Çerçevelik
136,56533,899.493,345.5949,209.7973,57101,268.291,0.7947,0.9901,0.7129,0.878,1.6473,0.7763,Çerçevelik
137,68063,1027.533,410.4732,212.6987,68872,294.3816,0.8553,0.9883,0.6511,0.8101,1.9298,0.7172,Çerçevelik
138,103910,1277.054,517.2786,256.3674,104580,363.7339,0.8685,0.9936,0.7017,0.8007,2.0177,0.7032,Ürgüp Sivrisi
139,62381,958.389,353.404,225.5972,63216,281.8261,0.7697,0.9868,0.7103,0.8535,1.5665,0.7975,Çerçevelik
140,68506,1003.804,386.3475,226.9065,69259,295.338,0.8094,0.9891,0.7349,0.8544,1.7027,0.7644,Çerçevelik
141,97349,1331.561,570.1317,218.0814,98088,352.0633,0.924,0.9925,0.5043,0.69,2.6143,0.6175,Ürgüp Sivrisi
142,95776,1216.306,471.4701,260.0943,97009,349.2074,0.8341,0.9873,0.6596,0.8135,1.8127,0.7407,Ürgüp Sivrisi
143,72566,1030.822,401.7252,230.4493,73117,303.9637,0.8191,0.9925,0.7393,0.8582,1.7432,0.7566,Çerçevelik
144,81737,1144.461,469.1301,222.8947,82574,322.6,0.8799,0.9899,0.7354,0.7842,2.1047,0.6877,Çerçevelik
145,73428,1040.181,396.1797,236.9738,74075,305.7637,0.8014,0.9913,0.735,0.8528,1.6718,0.7718,Çerçevelik
146,56276,888.242,326.1485,220.2388,56831,267.6805,0.7376,0.9902,0.7453,0.8963,1.4809,0.8207,Çerçevelik
147,93720,1192.994,472.7226,252.9003,94547,345.4389,0.8449,0.9913,0.6811,0.8275,1.8692,0.7307,Ürgüp Sivrisi
148,85133,1240.763,531.5886,204.8944,86272,329.2335,0.9227,0.9868,0.5787,0.6949,2.5945,0.6193,Ürgüp Sivrisi
149,99668,1276.434,489.2537,264.2007,101283,356.232,0.8417,0.9841,0.7591,0.7687,1.8518,0.7281,Ürgüp Sivrisi
150,64809,1003.578,402.3724,206.258,65578,287.2584,0.8586,0.9883,0.6382,0.8086,1.9508,0.7139,Çerçevelik
151,84542,1169.42,483.3424,224.0558,85293,328.0887,0.8861,0.9912,0.617,0.7769,2.1572,0.6788,Ürgüp Sivrisi
152,73827,1077.447,430.5646,219.4656,74631,306.5933,0.8603,0.9892,0.7265,0.7992,1.9619,0.7121,Çerçevelik
153,69537,1020.119,404.4823,219.4945,70179,297.5521,0.84,0.9909,0.7609,0.8397,1.8428,0.7356,Çerçevelik
154,69842,1105.285,469.4984,191.3546,70742,298.204,0.9132,0.9873,0.6488,0.7184,2.4536,0.6352,Ürgüp Sivrisi
155,58896,964.351,390.8858,193.0709,59536,273.8407,0.8695,0.9893,0.6204,0.7958,2.0246,0.7006,Ürgüp Sivrisi
156,82031,1108.321,429.8897,243.2943,82716,323.1797,0.8244,0.9917,0.7016,0.8392,1.767,0.7518,Çerçevelik
157,101872,1235.253,480.9564,270.7833,102668,360.1492,0.8264,0.9922,0.68,0.839,1.7762,0.7488,Çerçevelik
158,69969,1046.42,424.0555,211.4142,70593,298.475,0.8669,0.9912,0.7081,0.803,2.0058,0.7039,Ürgüp Sivrisi
159,104263,1261.525,488.8553,272.7207,105537,364.3512,0.8299,0.9879,0.6803,0.8233,1.7925,0.7453,Çerçevelik
160,91618,1180.493,459.5174,254.4405,92429,341.5431,0.8327,0.9912,0.7415,0.8262,1.806,0.7433,Çerçevelik
161,65789,1047.017,424.7019,198.0334,66544,289.4221,0.8846,0.9887,0.5879,0.7541,2.1446,0.6815,Ürgüp Sivrisi
162,96856,1208.21,457.7499,271.2049,98253,351.1707,0.8056,0.9858,0.7021,0.8338,1.6878,0.7672,Çerçevelik
163,95145,1173.389,444.1425,273.3632,96080,348.0551,0.7881,0.9903,0.7481,0.8684,1.6247,0.7837,Çerçevelik
164,68805,1048.514,427.2525,205.8875,69472,295.9818,0.8762,0.9904,0.7786,0.7865,2.0752,0.6928,Çerçevelik
165,85346,1189.936,491.5606,222.7623,86234,329.6451,0.8914,0.9897,0.5997,0.7574,2.2067,0.6706,Ürgüp Sivrisi
166,92089,1240.607,512.5838,229.6727,92961,342.4199,0.894,0.9906,0.6155,0.7519,2.2318,0.668,Ürgüp Sivrisi
167,88345,1144.065,445.9253,253.1178,89255,335.3869,0.8233,0.9898,0.7489,0.8482,1.7617,0.7521,Çerçevelik
168,86092,1218.625,520.3164,211.0954,86861,331.0827,0.914,0.9911,0.7465,0.7285,2.4648,0.6363,Ürgüp Sivrisi
169,77358,1147.854,488.9031,201.6832,78007,313.8396,0.9109,0.9917,0.6538,0.7378,2.4241,0.6419,Ürgüp Sivrisi
170,103085,1364.963,596.0492,221.0875,104076,362.287,0.9287,0.9905,0.7239,0.6953,2.696,0.6078,Ürgüp Sivrisi
171,73684,1097.223,439.4299,214.9435,74677,306.2962,0.8722,0.9867,0.6823,0.7691,2.0444,0.697,Çerçevelik
172,71369,1102.261,459.4141,199.3489,72310,301.4462,0.901,0.987,0.6055,0.7382,2.3046,0.6562,Ürgüp Sivrisi
173,91813,1159.019,450.0767,260.7429,92565,341.9063,0.8151,0.9919,0.6806,0.8589,1.7261,0.7597,Çerçevelik
174,95173,1192.175,463.3702,262.5644,96002,348.1063,0.824,0.9914,0.7058,0.8415,1.7648,0.7512,Çerçevelik
175,94608,1167.109,443.5395,272.1751,95556,347.0715,0.7896,0.9901,0.7272,0.8728,1.6296,0.7825,Çerçevelik
176,80741,1127.93,456.96,226.8658,81774,320.6285,0.8681,0.9874,0.6942,0.7975,2.0142,0.7017,Çerçevelik
177,56801,1008.319,430.8933,168.5249,57790,268.9262,0.9203,0.9829,0.6397,0.7021,2.5569,0.6241,Ürgüp Sivrisi
178,91820,1199.129,476.8586,246.5577,92719,341.9194,0.856,0.9903,0.684,0.8024,1.9341,0.717,Çerçevelik
179,96580,1213.308,464.0005,266.1265,97873,350.67,0.8192,0.9868,0.7444,0.8244,1.7435,0.7558,Çerçevelik
180,77786,1044.115,399.3788,248.7085,78364,314.7065,0.7824,0.9926,0.7295,0.8966,1.6058,0.788,Çerçevelik
181,91686,1294.424,567.604,206.4704,92512,341.6698,0.9315,0.9911,0.6504,0.6876,2.7491,0.602,Ürgüp Sivrisi
182,59466,912.152,340.6951,222.9567,59949,275.1626,0.7561,0.9919,0.7382,0.8981,1.5281,0.8077,Çerçevelik
183,80288,1193.41,496.2107,207.5564,82781,319.7278,0.9083,0.9699,0.6049,0.7084,2.3907,0.6443,Çerçevelik
184,74924,1089.775,439.7919,217.9287,75977,308.8628,0.8686,0.9861,0.6145,0.7928,2.0181,0.7023,Çerçevelik
185,102193,1288.79,520.3049,252.4221,103526,360.7162,0.8744,0.9871,0.7502,0.7732,2.0612,0.6933,Ürgüp Sivrisi
186,85873,1156.115,453.394,242.7586,86909,330.6613,0.8446,0.9881,0.6992,0.8074,1.8677,0.7293,Çerçevelik
187,83192,1234.263,541.2917,196.1894,83761,325.4587,0.932,0.9932,0.7515,0.6862,2.759,0.6013,Ürgüp Sivrisi
188,69861,1040.909,416.9558,214.0517,70653,298.2445,0.8582,0.9888,0.7438,0.8103,1.9479,0.7153,Çerçevelik
189,69230,1034.131,409.9227,217.9278,70017,296.8945,0.847,0.9888,0.7276,0.8135,1.881,0.7243,Çerçevelik
190,61726,975.93,387.5365,203.772,62541,280.3426,0.8506,0.987,0.7553,0.8144,1.9018,0.7234,Çerçevelik
191,72637,1021.445,398.5861,232.6127,73209,304.1123,0.812,0.9922,0.7424,0.8749,1.7135,0.763,Çerçevelik
192,99759,1306.807,560.3377,226.9815,100553,356.3946,0.9143,0.9921,0.7787,0.7341,2.4686,0.636,Ürgüp Sivrisi
193,55848,936.426,383.984,185.8999,56278,266.6606,0.875,0.9924,0.7272,0.8003,2.0655,0.6945,Ürgüp Sivrisi
194,65376,1052.245,446.9055,186.5714,65968,288.5122,0.9087,0.991,0.6307,0.742,2.3954,0.6456,Ürgüp Sivrisi
195,79578,1083.106,417.1719,244.1431,80361,318.3109,0.8109,0.9903,0.7002,0.8524,1.7087,0.763,Çerçevelik
196,82133,1153.061,444.589,235.6439,83220,323.3806,0.848,0.9869,0.7324,0.7763,1.8867,0.7274,Çerçevelik
197,72901,1079.894,446.233,208.3804,73523,304.6645,0.8843,0.9915,0.75,0.7856,2.1414,0.6827,Çerçevelik
198,65186,1032.756,428.1762,194.6023,65755,288.0927,0.8908,0.9913,0.5706,0.768,2.2003,0.6728,Ürgüp Sivrisi
199,65098,1004.599,412.1801,201.6543,65744,287.8982,0.8722,0.9902,0.7054,0.8106,2.044,0.6985,Ürgüp Sivrisi
200,86731,1185.141,493.0099,224.6722,87625,332.3091,0.8901,0.9898,0.7274,0.776,2.1944,0.674,Ürgüp Sivrisi
201,50670,914.547,389.9551,165.8306,51092,253.9981,0.9051,0.9917,0.7727,0.7613,2.3515,0.6514,Ürgüp Sivrisi
202,90332,1164.363,452.3181,255.2347,91395,339.1375,0.8256,0.9884,0.6711,0.8373,1.7722,0.7498,Çerçevelik
203,98464,1397.232,610.3292,206.2386,99519,354.0738,0.9412,0.9894,0.5594,0.6338,2.9593,0.5801,Ürgüp Sivrisi
204,78250,1102.289,442.9966,225.7107,78959,315.6438,0.8605,0.991,0.7479,0.8093,1.9627,0.7125,Çerçevelik
205,87599,1148.241,448.2531,249.5575,88453,333.9678,0.8307,0.9903,0.7433,0.8349,1.7962,0.745,Çerçevelik
206,105517,1367.883,580.7658,232.6139,106393,366.5357,0.9163,0.9918,0.5651,0.7087,2.4967,0.6311,Ürgüp Sivrisi
207,83083,1134.794,446.3243,237.5696,84106,325.2454,0.8466,0.9878,0.7143,0.8108,1.8787,0.7287,Çerçevelik
208,81463,1099.853,439.6717,236.4002,81993,322.0589,0.8432,0.9935,0.7376,0.8463,1.8599,0.7325,Çerçevelik
209,83512,1077.152,405.1468,262.808,84085,326.084,0.7611,0.9932,0.761,0.9045,1.5416,0.8049,Çerçevelik
210,109454,1365.662,571.8699,246.1291,110822,373.3111,0.9026,0.9877,0.73,0.7375,2.3235,0.6528,Ürgüp Sivrisi
211,74432,1102.102,454.2106,210.2381,75133,307.847,0.8864,0.9907,0.7084,0.7701,2.1605,0.6778,Çerçevelik
212,76073,1064.233,430.7576,225.3286,76576,311.222,0.8523,0.9934,0.7692,0.844,1.9117,0.7225,Çerçevelik
213,89694,1209.925,500.1757,229.962,90718,337.9378,0.888,0.9887,0.6151,0.7699,2.175,0.6756,Ürgüp Sivrisi
214,91652,1195.961,446.3604,262.7367,93654,341.6064,0.8084,0.9786,0.7352,0.8052,1.6989,0.7653,Çerçevelik
215,97062,1181.124,441.0742,281.3946,97926,351.544,0.7701,0.9912,0.7266,0.8743,1.5675,0.797,Çerçevelik
216,67879,999.949,378.0646,230.2247,68541,293.9834,0.7932,0.9903,0.7413,0.8531,1.6422,0.7776,Çerçevelik
217,109090,1329.377,550.3895,253.2163,110035,372.6898,0.8879,0.9914,0.6623,0.7757,2.1736,0.6771,Ürgüp Sivrisi
218,81094,1145.03,475.3533,218.0615,81833,321.3286,0.8886,0.991,0.5881,0.7773,2.1799,0.676,Çerçevelik
219,67958,1075.298,433.4113,200.431,69034,294.1544,0.8866,0.9844,0.5658,0.7386,2.1624,0.6787,Ürgüp Sivrisi
220,76894,1163.696,495.5782,198.6129,77536,312.8969,0.9162,0.9917,0.5568,0.7135,2.4952,0.6314,Ürgüp Sivrisi
221,70747,1034.569,409.978,220.3464,71324,300.1298,0.8433,0.9919,0.7004,0.8306,1.8606,0.7321,Çerçevelik
222,82684,1177.123,495.6879,213.9969,83294,324.4635,0.902,0.9927,0.5864,0.7499,2.3163,0.6546,Ürgüp Sivrisi
223,85765,1240.556,535.4421,204.9303,86648,330.4533,0.9239,0.9898,0.7569,0.7003,2.6128,0.6172,Ürgüp Sivrisi
224,85569,1183.556,491.6035,223.1268,86693,330.0755,0.8911,0.987,0.6871,0.7676,2.2032,0.6714,Çerçevelik
225,99780,1178.461,435.2836,292.6174,100487,356.4321,0.7403,0.993,0.7403,0.9029,1.4876,0.8189,Çerçevelik
226,105193,1329.655,561.8828,238.9633,105966,365.9725,0.9051,0.9927,0.6026,0.7477,2.3513,0.6513,Ürgüp Sivrisi
227,93734,1149.493,436.6288,273.9282,94548,345.4647,0.7787,0.9914,0.7355,0.8914,1.594,0.7912,Çerçevelik
228,81606,1098.521,433.4101,240.4477,82481,322.3414,0.832,0.9894,0.7489,0.8498,1.8025,0.7437,Çerçevelik
229,66922,988.42,376.4136,227.9987,67537,291.9036,0.7957,0.9909,0.7121,0.8608,1.6509,0.7755,Çerçevelik
230,72286,1052.386,421.8169,218.8018,73030,303.3767,0.8549,0.9898,0.641,0.8202,1.9278,0.7192,Çerçevelik
231,73570,1068.206,390.5446,241.3203,74861,306.0592,0.7863,0.9828,0.7499,0.8102,1.6184,0.7837,Çerçevelik
232,95971,1303.774,558.417,219.8414,96950,349.5627,0.9192,0.9899,0.7065,0.7095,2.5401,0.626,Ürgüp Sivrisi
233,81665,1158.432,476.5435,218.6615,82439,322.4579,0.8885,0.9906,0.6625,0.7647,2.1794,0.6767,Ürgüp Sivrisi
234,84332,1200.791,508.0743,211.7158,85065,327.681,0.909,0.9914,0.5423,0.735,2.3998,0.6449,Ürgüp Sivrisi
235,79906,1118.411,429.4565,237.9886,80912,318.9663,0.8324,0.9876,0.6869,0.8028,1.8045,0.7427,Çerçevelik
236,106237,1321.708,547.9812,247.8929,106911,367.7841,0.8918,0.9937,0.608,0.7642,2.2106,0.6712,Ürgüp Sivrisi
237,79317,1093.844,439.3614,230.4352,79905,317.7885,0.8514,0.9926,0.6591,0.833,1.9067,0.7233,Ürgüp Sivrisi
238,73550,1076.141,436.6477,215.1518,74475,306.0176,0.8702,0.9876,0.7462,0.7981,2.0295,0.7008,Çerçevelik
239,80184,1083.688,422.7077,242.2911,80947,319.5206,0.8194,0.9906,0.7315,0.858,1.7446,0.7559,Çerçevelik
240,84397,1203.64,483.522,223.6447,85408,327.8073,0.8866,0.9882,0.5891,0.7321,2.162,0.678,Çerçevelik
241,73772,1078.565,433.1016,218.6914,74572,306.4791,0.8632,0.9893,0.7094,0.7969,1.9804,0.7076,Çerçevelik
242,63873,970.898,380.6654,214.3717,64512,285.1765,0.8264,0.9901,0.7402,0.8515,1.7757,0.7492,Çerçevelik
243,83271,1124.845,452.3843,235.3433,83985,325.6132,0.854,0.9915,0.7515,0.827,1.9222,0.7198,Çerçevelik
244,79049,1134.445,467.1289,216.7567,79946,317.2512,0.8858,0.9888,0.7313,0.7719,2.1551,0.6792,Çerçevelik
245,54627,959.822,408.2215,170.8052,55104,263.7295,0.9083,0.9913,0.5563,0.7451,2.39,0.646,Ürgüp Sivrisi
246,69819,1051.519,425.9955,209.6353,70615,298.1548,0.8705,0.9887,0.7448,0.7935,2.0321,0.6999,Çerçevelik
247,73972,1082.562,431.518,219.077,75032,306.8942,0.8615,0.9859,0.6127,0.7932,1.9697,0.7112,Çerçevelik
248,69480,1087.451,451.3748,198.7328,70294,297.4301,0.8979,0.9884,0.6239,0.7383,2.2713,0.6589,Ürgüp Sivrisi
249,60897,944.858,374.7772,207.0975,61476,278.4537,0.8335,0.9906,0.6683,0.8572,1.8097,0.743,Çerçevelik
250,68964,1040.822,407.1968,218.7254,70045,296.3236,0.8435,0.9846,0.6311,0.8,1.8617,0.7277,Çerçevelik
251,88634,1217.359,505.928,224.0619,89534,335.935,0.8966,0.9899,0.7393,0.7516,2.258,0.664,Ürgüp Sivrisi
252,84473,1157.588,457.513,236.0283,85365,327.9548,0.8567,0.9896,0.629,0.7922,1.9384,0.7168,Çerçevelik
253,88385,1227.384,516.8186,218.3544,89255,335.4628,0.9064,0.9903,0.7137,0.7373,2.3669,0.6491,Ürgüp Sivrisi
254,81547,1119.846,442.0139,236.7743,82559,322.2249,0.8444,0.9877,0.626,0.8171,1.8668,0.729,Çerçevelik
255,69304,1069.857,445.9318,198.4077,70024,297.0532,0.8956,0.9897,0.5618,0.7609,2.2476,0.6661,Ürgüp Sivrisi
256,74545,1164.653,503.7119,191.1775,75354,308.0806,0.9252,0.9893,0.7047,0.6906,2.6348,0.6116,Ürgüp Sivrisi
257,90491,1197.164,476.7964,244.9508,91721,339.4359,0.8579,0.9866,0.6326,0.7934,1.9465,0.7119,Çerçevelik
258,84099,1156.965,469.0068,230.2194,84751,327.228,0.8712,0.9923,0.721,0.7895,2.0372,0.6977,Çerçevelik
259,54519,917.658,374.8733,185.6847,54979,263.4687,0.8687,0.9916,0.7651,0.8136,2.0189,0.7028,Ürgüp Sivrisi
260,88750,1120.577,422.0802,269.0306,89741,336.1547,0.7705,0.989,0.7334,0.8882,1.5689,0.7964,Çerçevelik
261,84236,1274.656,456.9323,237.154,85248,327.4944,0.8548,0.9881,0.6104,0.6515,1.9267,0.7167,Ürgüp Sivrisi
262,94973,1198.67,481.6861,252.5205,95572,347.7404,0.8516,0.9937,0.6499,0.8306,1.9075,0.7219,Ürgüp Sivrisi
263,92511,1166.975,464.7539,253.8035,93135,343.2035,0.8377,0.9933,0.7353,0.8537,1.8312,0.7385,Ürgüp Sivrisi
264,81639,1150.075,476.392,218.7286,82286,322.4066,0.8884,0.9921,0.5812,0.7756,2.178,0.6768,Ürgüp Sivrisi
265,85170,1178.698,495.0486,219.5439,85963,329.305,0.8963,0.9908,0.7037,0.7704,2.2549,0.6652,Ürgüp Sivrisi
266,126963,1476.738,625.3347,259.2516,127781,402.0626,0.91,0.9936,0.6485,0.7316,2.4121,0.643,Ürgüp Sivrisi
267,91690,1168.462,454.0266,257.9016,92579,341.6772,0.823,0.9904,0.7159,0.8439,1.7605,0.7525,Çerçevelik
268,79459,1160.774,492.1048,206.1489,80229,318.0729,0.908,0.9904,0.7249,0.7411,2.3871,0.6464,Ürgüp Sivrisi
269,69692,1049.108,421.4875,211.7707,70442,297.8836,0.8646,0.9894,0.6736,0.7957,1.9903,0.7067,Çerçevelik
270,73537,1056.602,415.1832,227.1057,74374,305.9905,0.8371,0.9887,0.6581,0.8277,1.8281,0.737,Çerçevelik
271,86455,1161.071,463.0833,238.1565,87340,331.7799,0.8576,0.9899,0.6824,0.8059,1.9444,0.7165,Çerçevelik
272,70510,1129.733,487.097,184.9961,71220,299.6266,0.9251,0.99,0.5361,0.6942,2.633,0.6151,Ürgüp Sivrisi
273,75637,1076.373,429.0606,225.5956,76453,310.3289,0.8506,0.9893,0.7445,0.8204,1.9019,0.7233,Çerçevelik
274,72007,1067.726,429.3661,214.5378,72908,302.7906,0.8662,0.9876,0.6383,0.7937,2.0014,0.7052,Çerçevelik
275,73351,1066.768,427.431,220.134,74165,305.6033,0.8572,0.989,0.6254,0.81,1.9417,0.715,Çerçevelik
276,76929,1090.481,448.0012,218.9811,77487,312.9681,0.8724,0.9928,0.7264,0.8129,2.0458,0.6986,Ürgüp Sivrisi
277,91713,1264.782,543.0693,215.5678,92392,341.7201,0.9178,0.9927,0.7074,0.7205,2.5193,0.6292,Ürgüp Sivrisi
278,106829,1299.524,521.1329,262.0335,107701,368.8074,0.8644,0.9919,0.6228,0.7949,1.9888,0.7077,Ürgüp Sivrisi
279,64399,960.611,354.4452,233.2255,65314,286.3483,0.753,0.986,0.7124,0.877,1.5198,0.8079,Çerçevelik
280,83467,1127.225,452.1363,235.4289,84142,325.9961,0.8537,0.992,0.7602,0.8255,1.9205,0.721,Çerçevelik
281,80113,1167.923,493.7861,207.149,80841,319.3791,0.9077,0.991,0.5677,0.738,2.3837,0.6468,Ürgüp Sivrisi
282,74445,1111.129,449.6801,211.5444,75474,307.8739,0.8824,0.9864,0.586,0.7577,2.1257,0.6847,Çerçevelik
283,74626,1125.769,473.1751,201.5642,75383,308.2479,0.9047,0.99,0.5713,0.7399,2.3475,0.6514,Ürgüp Sivrisi
284,92179,1124.433,417.3311,281.514,92814,342.5871,0.7382,0.9932,0.7461,0.9162,1.4825,0.8209,Çerçevelik
285,71069,1043.659,407.9111,222.7584,71891,300.812,0.8377,0.9886,0.7294,0.8199,1.8312,0.7374,Çerçevelik
286,73958,1101.126,454.4932,208.013,74727,306.8652,0.8891,0.9897,0.689,0.7665,2.1849,0.6752,Ürgüp Sivrisi
287,105074,1302.585,529.8369,254.3832,106547,365.7655,0.8772,0.9862,0.6049,0.7782,2.0828,0.6903,Ürgüp Sivrisi
288,125214,1465.654,623.0155,256.4077,126196,399.2836,0.9114,0.9922,0.7464,0.7325,2.4298,0.6409,Ürgüp Sivrisi
289,80519,1105.276,435.6902,236.2395,81250,320.1874,0.8402,0.991,0.7417,0.8283,1.8443,0.7349,Çerçevelik
290,80861,1158.947,471.8584,220.2371,81771,320.8667,0.8844,0.9889,0.593,0.7565,2.1425,0.68,Çerçevelik
291,71768,1025.531,406.5734,225.3076,72315,302.2877,0.8324,0.9924,0.7173,0.8575,1.8045,0.7435,Çerçevelik
292,88674,1205.486,503.7622,224.4789,89375,336.0108,0.8952,0.9922,0.7137,0.7668,2.2441,0.667,Ürgüp Sivrisi
293,88927,1219.845,511.5318,222.0105,89616,336.4898,0.9009,0.9923,0.6439,0.751,2.3041,0.6578,Ürgüp Sivrisi
294,71826,1058.155,413.6906,222.3434,72694,302.4098,0.8433,0.9881,0.6674,0.8061,1.8606,0.731,Çerçevelik
295,88037,1143.45,428.9861,262.1492,88881,334.8017,0.7916,0.9905,0.7283,0.8461,1.6364,0.7804,Çerçevelik
296,130913,1490.954,632.2535,264.1584,131934,408.269,0.9085,0.9923,0.5472,0.7401,2.3935,0.6457,Ürgüp Sivrisi
297,58852,999.394,423.6421,177.4672,59297,273.7384,0.908,0.9925,0.5537,0.7405,2.3872,0.6462,Ürgüp Sivrisi
298,65517,970.276,379.0583,220.5561,66006,288.8232,0.8133,0.9926,0.7536,0.8745,1.7186,0.7619,Çerçevelik
299,71038,1108.191,464.4989,196.329,71782,300.7464,0.9063,0.9896,0.7628,0.7269,2.3659,0.6475,Ürgüp Sivrisi
300,69735,1012.123,394.7811,226.2632,70498,297.9754,0.8195,0.9892,0.7585,0.8554,1.7448,0.7548,Çerçevelik
301,74487,1119.378,468.4928,203.578,75122,307.9607,0.9007,0.9915,0.5758,0.747,2.3013,0.6573,Ürgüp Sivrisi
302,63870,1040.044,441.6352,185.3558,64583,285.1698,0.9077,0.989,0.556,0.742,2.3826,0.6457,Ürgüp Sivrisi
303,78063,1153.225,478.5349,208.8095,78850,315.2664,0.8998,0.99,0.7102,0.7376,2.2917,0.6588,Ürgüp Sivrisi
304,69409,1018.514,384.0179,231.96,70095,297.2781,0.797,0.9902,0.6904,0.8408,1.6555,0.7741,Çerçevelik
305,79453,1106.574,414.3993,246.1013,80425,318.0608,0.8046,0.9879,0.7075,0.8154,1.6839,0.7675,Çerçevelik
306,75421,1173.574,510.5464,188.4542,76426,309.8855,0.9294,0.9869,0.756,0.6881,2.7091,0.607,Ürgüp Sivrisi
307,83736,1108.281,431.5197,248.0819,84458,326.521,0.8182,0.9915,0.7268,0.8567,1.7394,0.7567,Çerçevelik
308,94163,1236.673,511.9837,235.7103,95031,346.2543,0.8877,0.9909,0.7591,0.7737,2.1721,0.6763,Çerçevelik
309,87088,1193.77,494.4742,225.1701,87924,332.9923,0.8903,0.9905,0.7051,0.7679,2.196,0.6734,Ürgüp Sivrisi
310,62146,953.709,373.0999,212.9458,62810,281.2948,0.8211,0.9894,0.7473,0.8586,1.7521,0.7539,Çerçevelik
311,82455,1267.162,559.186,188.5021,83197,324.0138,0.9415,0.9911,0.4822,0.6453,2.9665,0.5794,Ürgüp Sivrisi
312,69718,1066.685,418.073,214.1268,70945,297.9391,0.8589,0.9827,0.7221,0.77,1.9525,0.7126,Çerçevelik
313,81040,1102.068,417.7749,248.2883,81904,321.2216,0.8042,0.9895,0.7379,0.8385,1.6826,0.7689,Çerçevelik
314,101189,1307.9,538.2711,241.2051,102562,358.9399,0.894,0.9866,0.6451,0.7434,2.2316,0.6668,Ürgüp Sivrisi
315,103314,1385.858,600.1867,219.625,104289,362.6892,0.9306,0.9907,0.6208,0.676,2.7328,0.6043,Ürgüp Sivrisi
316,76848,1042.813,393.8825,248.8834,77474,312.8033,0.7751,0.9919,0.7518,0.888,1.5826,0.7942,Çerçevelik
317,58698,943.084,366.4001,206.2926,59542,273.38,0.8264,0.9858,0.7224,0.8293,1.7761,0.7461,Çerçevelik
318,81649,1124.076,452.9165,230.475,82299,322.4263,0.8608,0.9921,0.7279,0.812,1.9651,0.7119,Ürgüp Sivrisi
319,82647,1167.309,491.9053,214.489,83428,324.3909,0.8999,0.9906,0.7433,0.7622,2.2934,0.6595,Ürgüp Sivrisi
320,58509,957.792,383.8019,194.9224,59043,272.9395,0.8614,0.991,0.7558,0.8015,1.969,0.7111,Ürgüp Sivrisi
321,69428,996.385,379.877,233.8973,69990,297.3188,0.788,0.992,0.737,0.8788,1.6241,0.7827,Çerçevelik
322,75494,1200.599,535.5717,179.7864,76136,310.0354,0.942,0.9916,0.7769,0.6582,2.9789,0.5789,Ürgüp Sivrisi
323,96035,1238.979,479.5474,257.0019,97427,349.6792,0.8443,0.9857,0.7332,0.7862,1.8659,0.7292,Çerçevelik
324,97634,1157.568,416.0763,300.5777,98478,352.5783,0.6915,0.9914,0.719,0.9156,1.3843,0.8474,Çerçevelik
325,87407,1204.128,498.5954,223.9675,88256,333.6016,0.8934,0.9904,0.731,0.7575,2.2262,0.6691,Ürgüp Sivrisi
326,66789,1017.28,405.313,210.4572,67514,291.6134,0.8546,0.9893,0.737,0.811,1.9259,0.7195,Çerçevelik
327,71390,1052.829,409.9341,222.8594,72305,301.4906,0.8393,0.9873,0.6511,0.8093,1.8394,0.7355,Çerçevelik
328,78509,1189.57,515.0577,195.0464,79786,316.1657,0.9255,0.984,0.7561,0.6972,2.6407,0.6138,Ürgüp Sivrisi
329,83275,1125.595,431.0919,247.2544,84158,325.621,0.8192,0.9895,0.708,0.826,1.7435,0.7553,Çerçevelik
330,99902,1313.851,533.6947,241.9688,101899,356.6499,0.8913,0.9804,0.7708,0.7273,2.2056,0.6683,Ürgüp Sivrisi
331,79055,1102.701,441.6971,229.0911,79810,317.2632,0.855,0.9905,0.6296,0.817,1.928,0.7183,Çerçevelik
332,73500,1184.422,502.8962,186.6114,74373,305.9136,0.9286,0.9883,0.6303,0.6584,2.6949,0.6083,Ürgüp Sivrisi
333,91385,1190.488,485.5496,242.1273,92490,341.1085,0.8668,0.9881,0.7227,0.8103,2.0053,0.7025,Çerçevelik
334,81573,1099.547,414.9502,250.9049,82629,322.2762,0.7965,0.9872,0.7406,0.8479,1.6538,0.7767,Çerçevelik
335,74735,1088.097,450.2176,212.0164,75369,308.4729,0.8822,0.9916,0.7742,0.7932,2.1235,0.6852,Çerçevelik
336,64356,989.324,389.6264,210.7109,65074,286.2527,0.8411,0.989,0.6445,0.8263,1.8491,0.7347,Çerçevelik
337,69474,1048.069,428.1699,207.4956,70234,297.4173,0.8747,0.9892,0.6425,0.7948,2.0635,0.6946,Çerçevelik
338,71792,1028.771,402.3638,228.4777,72478,302.3382,0.8231,0.9905,0.7488,0.8524,1.7611,0.7514,Çerçevelik
339,85518,1203.08,505.5947,216.8482,86248,329.9771,0.9034,0.9915,0.5758,0.7425,2.3316,0.6527,Ürgüp Sivrisi
340,68249,1031.968,415.3918,210.5805,68853,294.7835,0.862,0.9912,0.6296,0.8053,1.9726,0.7097,Çerçevelik
341,70074,1049.738,417.4645,215.1693,70814,298.6988,0.8569,0.9896,0.6325,0.7991,1.9402,0.7155,Çerçevelik
342,93104,1223.003,510.9152,232.4347,93789,344.3017,0.8905,0.9927,0.7188,0.7822,2.1981,0.6739,Ürgüp Sivrisi
343,66684,1050.377,440.6173,192.9502,67302,291.3841,0.899,0.9908,0.725,0.7595,2.2836,0.6613,Ürgüp Sivrisi
344,95801,1281.503,540.3674,227.876,96934,349.2529,0.9067,0.9883,0.7503,0.7331,2.3713,0.6463,Ürgüp Sivrisi
345,80305,1116.952,448.2145,229.0003,81060,319.7616,0.8596,0.9907,0.6593,0.8089,1.9573,0.7134,Çerçevelik
346,53205,905.398,356.819,190.7466,54005,260.2743,0.8451,0.9852,0.6501,0.8156,1.8706,0.7294,Ürgüp Sivrisi
347,66703,1012.304,400.7618,212.7692,67626,291.4256,0.8474,0.9864,0.7386,0.818,1.8836,0.7272,Çerçevelik
348,91282,1171.051,427.7433,273.1993,93122,340.9162,0.7695,0.9802,0.7115,0.8365,1.5657,0.797,Çerçevelik
349,90597,1352.215,605.5829,192.588,91557,339.6346,0.9481,0.9895,0.4695,0.6226,3.1444,0.5608,Ürgüp Sivrisi
350,92063,1193.471,467.8854,252.2589,93035,342.3715,0.8422,0.9896,0.6998,0.8122,1.8548,0.7317,Çerçevelik
351,80955,1121.401,452.0542,228.4732,81700,321.0531,0.8629,0.9909,0.7506,0.809,1.9786,0.7102,Çerçevelik
352,69395,1048.876,423.6297,209.6778,70213,297.2481,0.8689,0.9883,0.7015,0.7927,2.0204,0.7017,Çerçevelik
353,70796,1016.392,387.4363,233.6853,71449,300.2337,0.7976,0.9909,0.6775,0.8612,1.6579,0.7749,Çerçevelik
354,63612,1045.87,440.0601,185.2383,64489,284.5932,0.9071,0.9864,0.5636,0.7308,2.3756,0.6467,Ürgüp Sivrisi
355,70157,1082.42,439.3814,207.2196,71181,298.8757,0.8818,0.9856,0.5952,0.7525,2.1204,0.6802,Ürgüp Sivrisi
356,88645,1176.996,464.8264,243.8185,89630,335.9558,0.8514,0.989,0.7373,0.8041,1.9064,0.7228,Çerçevelik
357,74469,1081.579,436.8619,217.8388,75103,307.9235,0.8668,0.9916,0.6396,0.8,2.0054,0.7049,Ürgüp Sivrisi
358,74494,1116.285,468.2959,203.8414,75158,307.9752,0.9003,0.9912,0.7072,0.7512,2.2974,0.6577,Ürgüp Sivrisi
359,79239,1131.803,468.3198,216.2943,79958,317.6322,0.887,0.991,0.6729,0.7773,2.1652,0.6782,Ürgüp Sivrisi
360,108264,1284.454,519.1311,266.3012,108964,371.2762,0.8584,0.9936,0.6732,0.8246,1.9494,0.7152,Ürgüp Sivrisi
361,86298,1129.951,433.9604,253.8851,87075,331.4785,0.811,0.9911,0.7248,0.8494,1.7093,0.7638,Çerçevelik
362,69520,1027.513,413.306,214.8984,70205,297.5157,0.8542,0.9902,0.7593,0.8275,1.9233,0.7198,Çerçevelik
363,88740,1247.036,532.862,213.2299,89595,336.1358,0.9164,0.9905,0.6855,0.7171,2.499,0.6308,Ürgüp Sivrisi
364,82826,1178.495,491.6711,215.7218,83554,324.742,0.8986,0.9913,0.6472,0.7494,2.2792,0.6605,Ürgüp Sivrisi
365,95502,1232.353,507.0525,241.1062,96193,348.7075,0.8797,0.9928,0.7463,0.7902,2.103,0.6877,Ürgüp Sivrisi
366,81893,1127.301,441.5179,237.5255,83087,322.9077,0.843,0.9856,0.7181,0.8098,1.8588,0.7314,Çerçevelik
367,75331,1047.751,394.8053,244.9191,76108,309.7005,0.7843,0.9898,0.7041,0.8623,1.612,0.7844,Çerçevelik
368,84765,1153.649,461.3105,235.2579,85715,328.5212,0.8602,0.9889,0.7164,0.8003,1.9609,0.7121,Çerçevelik
369,59588,986.25,411.8432,184.7287,60148,275.4447,0.8938,0.9907,0.7478,0.7698,2.2294,0.6688,Ürgüp Sivrisi
370,61809,964.593,380.8563,207.6925,62386,280.531,0.8382,0.9908,0.7522,0.8348,1.8338,0.7366,Çerçevelik
371,76259,1095.383,431.7982,226.6461,77235,311.6023,0.8512,0.9874,0.7093,0.7987,1.9052,0.7216,Çerçevelik
372,112914,1408.755,600.6007,239.725,113754,379.1656,0.9169,0.9926,0.734,0.715,2.5054,0.6313,Ürgüp Sivrisi
373,79364,1195.566,516.8827,195.7343,80069,317.8827,0.9255,0.9912,0.5277,0.6977,2.6407,0.615,Ürgüp Sivrisi
374,100296,1302.282,545.71,235.5925,101503,357.3525,0.902,0.9881,0.6819,0.7432,2.3163,0.6548,Ürgüp Sivrisi
375,79511,1117.249,455.1494,223.4867,80285,318.1769,0.8711,0.9904,0.6643,0.8005,2.0366,0.6991,Ürgüp Sivrisi
376,101439,1302.85,551.2398,234.6932,102203,359.383,0.9048,0.9925,0.705,0.751,2.3488,0.652,Ürgüp Sivrisi
377,59768,959.724,388.3111,196.7763,60292,275.8604,0.8621,0.9913,0.7221,0.8154,1.9734,0.7104,Çerçevelik
378,70388,1044.665,426.7972,211.0762,71013,299.3673,0.8691,0.9912,0.7189,0.8105,2.022,0.7014,Çerçevelik
379,51555,934.911,401.8321,164.7038,52013,256.2067,0.9121,0.9912,0.7187,0.7412,2.4397,0.6376,Ürgüp Sivrisi
380,80206,1129.585,464.6505,220.3904,80860,319.5645,0.8804,0.9919,0.7025,0.7899,2.1083,0.6878,Çerçevelik
381,90427,1198.203,496.1649,232.5005,91102,339.3158,0.8834,0.9926,0.6819,0.7915,2.134,0.6839,Ürgüp Sivrisi
382,97302,1287.63,546.8565,227.5457,98234,351.9783,0.9093,0.9905,0.7456,0.7375,2.4033,0.6436,Ürgüp Sivrisi
383,77975,1115.537,457.1558,218.222,78637,315.0886,0.8787,0.9916,0.7354,0.7874,2.0949,0.6892,Ürgüp Sivrisi
384,88794,1211.7,510.1316,222.0941,89599,336.2381,0.9003,0.991,0.563,0.76,2.2969,0.6591,Ürgüp Sivrisi
385,77658,1060.762,406.273,244.9518,78446,314.4475,0.7978,0.99,0.7338,0.8673,1.6586,0.774,Çerçevelik
386,89066,1177.335,478.8952,237.373,89680,336.7527,0.8685,0.9932,0.6136,0.8075,2.0175,0.7032,Ürgüp Sivrisi
387,68713,1027.706,401.2474,218.9231,69503,295.7839,0.838,0.9886,0.6857,0.8175,1.8328,0.7372,Çerçevelik
388,82357,1200.219,511.3022,206.5364,83143,323.8212,0.9148,0.9905,0.5347,0.7184,2.4756,0.6333,Ürgüp Sivrisi
389,93313,1189.412,463.7824,257.2217,94188,344.688,0.8321,0.9907,0.7249,0.8289,1.803,0.7432,Çerçevelik
390,76132,1135.567,465.7347,208.9388,77129,311.3427,0.8937,0.9871,0.7452,0.7419,2.229,0.6685,Ürgüp Sivrisi
391,81999,1205.9,521.286,200.6103,82686,323.1166,0.923,0.9917,0.567,0.7086,2.5985,0.6198,Ürgüp Sivrisi
392,78870,1081.043,430.0428,234.1966,79424,316.8918,0.8387,0.993,0.7121,0.8481,1.8362,0.7369,Çerçevelik
393,82214,1230.805,536.9736,195.4454,83103,323.54,0.9314,0.9893,0.5005,0.682,2.7474,0.6025,Ürgüp Sivrisi
394,86164,1122.042,428.2713,256.9736,86938,331.2211,0.8,0.9911,0.694,0.86,1.6666,0.7734,Çerçevelik
395,69843,1026.683,408.7731,218.365,70810,298.2061,0.8454,0.9863,0.64,0.8326,1.872,0.7295,Çerçevelik
396,114177,1411.442,598.6151,244.0708,115297,381.2803,0.9131,0.9903,0.5451,0.7202,2.4526,0.6369,Ürgüp Sivrisi
397,64557,962.801,371.5194,222.7375,65056,286.6994,0.8004,0.9923,0.7197,0.8751,1.668,0.7717,Çerçevelik
398,88264,1153.333,454.5878,248.8653,89198,335.2331,0.8368,0.9895,0.643,0.8338,1.8266,0.7374,Çerçevelik
399,86855,1129.097,441.8555,251.2526,87509,332.5466,0.8226,0.9925,0.7249,0.8561,1.7586,0.7526,Çerçevelik
400,88750,1146.01,440.0256,257.7037,89450,336.1547,0.8106,0.9922,0.7262,0.8492,1.7075,0.7639,Çerçevelik
401,68816,996.081,387.6093,227.5767,69403,296.0055,0.8095,0.9915,0.7542,0.8716,1.7032,0.7637,Çerçevelik
402,77915,1122.514,456.2841,218.4462,78732,314.9674,0.878,0.9896,0.6929,0.777,2.0888,0.6903,Çerçevelik
403,66104,1040.25,425.5992,199.0564,66778,290.1142,0.8839,0.9899,0.6922,0.7676,2.1381,0.6817,Çerçevelik
404,72889,1134.729,480.5314,194.6673,73595,304.6394,0.9143,0.9904,0.5299,0.7114,2.4685,0.634,Ürgüp Sivrisi
405,97198,1274.518,532.3388,233.6575,98066,351.7902,0.8985,0.9911,0.6797,0.7519,2.2783,0.6608,Ürgüp Sivrisi
406,66153,1049.079,436.801,193.3576,66781,290.2217,0.8967,0.9906,0.588,0.7553,2.259,0.6644,Ürgüp Sivrisi
407,81788,1105.997,437.0912,239.0489,82515,322.7007,0.8372,0.9912,0.7547,0.8402,1.8285,0.7383,Çerçevelik
408,82501,1144.368,450.4995,234.0967,83589,324.1042,0.8544,0.987,0.7427,0.7917,1.9244,0.7194,Çerçevelik
409,93330,1278.152,549.0873,217.0727,94094,344.7194,0.9185,0.9919,0.7556,0.7179,2.5295,0.6278,Ürgüp Sivrisi
410,85317,1219.969,526.4823,206.7742,85941,329.5891,0.9196,0.9927,0.6733,0.7204,2.5462,0.626,Ürgüp Sivrisi
411,73644,1063.177,431.8798,218.0912,74167,306.2131,0.8631,0.9929,0.7106,0.8187,1.9803,0.709,Ürgüp Sivrisi
412,103124,1266.602,512.6586,257.3235,104002,362.3556,0.8649,0.9916,0.6457,0.8078,1.9923,0.7068,Çerçevelik
413,83376,1143.656,467.799,227.3485,84065,325.8184,0.874,0.9918,0.7485,0.8011,2.0576,0.6965,Ürgüp Sivrisi
414,67437,1014.144,405.0178,213.6599,68094,293.0247,0.8495,0.9904,0.6643,0.824,1.8956,0.7235,Çerçevelik
415,76888,1096.988,441.4888,222.5849,77743,312.8847,0.8636,0.989,0.6414,0.8029,1.9835,0.7087,Çerçevelik
416,82498,1173.069,493.5614,213.3225,83202,324.0983,0.9018,0.9915,0.5627,0.7534,2.3137,0.6567,Ürgüp Sivrisi
417,69307,1066.605,446.5278,198.2488,69864,297.0596,0.896,0.992,0.7394,0.7656,2.2524,0.6653,Ürgüp Sivrisi
418,78746,1167.903,499.0766,202.9007,79514,316.6426,0.9136,0.9903,0.5299,0.7255,2.4597,0.6345,Ürgüp Sivrisi
419,98177,1266.068,510.2399,246.4307,99550,353.5574,0.8756,0.9862,0.6241,0.7697,2.0705,0.6929,Çerçevelik
420,74478,1108.664,464.0992,204.6784,75065,307.9421,0.8975,0.9922,0.6437,0.7614,2.2675,0.6635,Ürgüp Sivrisi
421,88901,1130.148,435.9188,260.4888,89632,336.4406,0.8018,0.9918,0.7272,0.8747,1.6735,0.7718,Çerçevelik
422,115050,1443.597,616.5789,238.4113,116063,382.7352,0.9222,0.9913,0.7078,0.6938,2.5862,0.6207,Ürgüp Sivrisi
423,82864,1137.374,455.1352,233.2743,83647,324.8164,0.8587,0.9906,0.7301,0.805,1.9511,0.7137,Çerçevelik
424,82618,1156.895,481.4847,219.6581,83448,324.3339,0.8899,0.9901,0.7565,0.7757,2.192,0.6736,Çerçevelik
425,58055,938.36,373.5688,198.7155,58730,271.8785,0.8468,0.9885,0.745,0.8285,1.8799,0.7278,Ürgüp Sivrisi
426,79688,1129.414,471.0184,216.1462,80409,318.5309,0.8885,0.991,0.778,0.785,2.1792,0.6763,Ürgüp Sivrisi
427,73016,1116.611,476.0103,195.8464,73751,304.9047,0.9114,0.99,0.7774,0.7359,2.4305,0.6405,Ürgüp Sivrisi
428,71379,1112.928,411.6989,222.1231,72534,301.4674,0.842,0.9841,0.6977,0.7242,1.8535,0.7323,Ürgüp Sivrisi
429,80920,1171.651,397.4495,262.3499,82943,320.9837,0.7512,0.9756,0.7258,0.7407,1.515,0.8076,Çerçevelik
430,83624,1157.791,473.6092,226.4364,84283,326.3026,0.8783,0.9922,0.6252,0.7839,2.0916,0.689,Ürgüp Sivrisi
431,86565,1215.697,508.1608,218.3103,87292,331.9909,0.903,0.9917,0.7189,0.736,2.3277,0.6533,Ürgüp Sivrisi
432,77047,1081.92,419.2447,234.8384,77801,313.2081,0.8284,0.9903,0.725,0.8271,1.7852,0.7471,Çerçevelik
433,73579,1071.09,432.7015,217.4501,74409,306.0779,0.8646,0.9888,0.7265,0.806,1.9899,0.7074,Çerçevelik
434,82316,1121.279,437.4098,241.7525,83860,323.7406,0.8334,0.9816,0.7462,0.8227,1.8093,0.7401,Çerçevelik
435,73218,1051.316,409.1764,228.754,74072,305.3261,0.8291,0.9885,0.6861,0.8325,1.7887,0.7462,Çerçevelik
436,85367,1174.699,482.7527,226.2081,86210,329.6857,0.8834,0.9902,0.688,0.7774,2.1341,0.6829,Ürgüp Sivrisi
437,81266,1173.686,476.9696,219.1813,82407,321.6692,0.8882,0.9862,0.7016,0.7413,2.1761,0.6744,Çerçevelik
438,94496,1333.288,545.3045,223.8304,96097,346.866,0.9119,0.9833,0.6177,0.668,2.4362,0.6361,Ürgüp Sivrisi
439,83194,1209.651,517.5243,205.1858,84025,325.4626,0.918,0.9901,0.7399,0.7145,2.5222,0.6289,Ürgüp Sivrisi
440,67208,1114.385,482.6876,179.0909,67904,292.5267,0.9286,0.9898,0.4977,0.6801,2.6952,0.606,Ürgüp Sivrisi
441,77642,1179.49,504.8659,196.6279,78425,314.4151,0.921,0.99,0.6936,0.7013,2.5676,0.6228,Ürgüp Sivrisi
442,58242,908.051,347.5851,214.0792,58711,272.316,0.7878,0.992,0.718,0.8876,1.6236,0.7835,Çerçevelik
443,60061,966.982,387.2495,199.9434,60739,276.5358,0.8564,0.9888,0.7147,0.8072,1.9368,0.7141,Ürgüp Sivrisi
444,87631,1237.636,531.1878,210.8808,88328,334.0288,0.9178,0.9921,0.569,0.7189,2.5189,0.6288,Ürgüp Sivrisi
445,72457,1016.491,380.8485,242.581,73000,303.7353,0.7709,0.9926,0.7295,0.8812,1.57,0.7975,Çerçevelik
446,73423,1101.123,440.608,215.4848,74415,305.7533,0.8722,0.9867,0.7199,0.761,2.0447,0.6939,Ürgüp Sivrisi
447,83422,1140.849,445.1361,239.3399,84230,325.9083,0.8432,0.9904,0.6568,0.8054,1.8598,0.7322,Ürgüp Sivrisi
448,65981,959.577,355.6746,236.8399,66749,289.8441,0.7461,0.9885,0.744,0.9005,1.5018,0.8149,Çerçevelik
449,69671,1035.342,415.3868,214.1642,70211,297.8387,0.8568,0.9923,0.6843,0.8168,1.9396,0.717,Çerçevelik
450,73884,1104.07,427.8587,222.1959,75275,306.7116,0.8546,0.9815,0.6395,0.7617,1.9256,0.7169,Ürgüp Sivrisi
451,77381,1045.495,401.8104,245.6913,77907,313.8862,0.7913,0.9932,0.73,0.8896,1.6354,0.7812,Ürgüp Sivrisi
452,84611,1140.264,462.2931,233.327,85284,328.2226,0.8633,0.9921,0.6839,0.8178,1.9813,0.71,Çerçevelik
453,65804,992.989,387.2009,218.3521,66911,289.4551,0.8258,0.9835,0.6548,0.8386,1.7733,0.7476,Çerçevelik
454,62931,1012.746,422.1954,190.1828,63481,283.0658,0.8928,0.9913,0.7552,0.771,2.2199,0.6705,Ürgüp Sivrisi
455,91865,1144.14,428.3266,274.0507,92776,342.0031,0.7685,0.9902,0.7189,0.8819,1.5629,0.7985,Çerçevelik
456,75795,1052.093,404.6336,238.9541,76547,310.6528,0.807,0.9902,0.7306,0.8605,1.6934,0.7677,Çerçevelik
457,71200,1031.469,407.4551,223.3727,71820,301.0891,0.8363,0.9914,0.6986,0.841,1.8241,0.739,Çerçevelik
458,67526,1014.952,397.593,217.4362,68407,293.218,0.8372,0.9871,0.7196,0.8237,1.8285,0.7375,Çerçevelik
459,78327,1118.245,456.7791,219.2293,79180,315.799,0.8773,0.9892,0.7283,0.7871,2.0836,0.6914,Çerçevelik
460,95735,1270.696,529.7211,231.0347,96500,349.1326,0.8999,0.9921,0.7282,0.7451,2.2928,0.6591,Ürgüp Sivrisi
461,92432,1124.035,402.6564,292.9598,93267,343.057,0.686,0.991,0.7606,0.9193,1.3744,0.852,Çerçevelik
462,74143,1192.175,448.3368,212.2402,75809,307.2488,0.8809,0.978,0.6325,0.6555,2.1124,0.6853,Ürgüp Sivrisi
463,99691,1248.727,493.4253,258.1254,100898,356.2731,0.8523,0.988,0.6362,0.8034,1.9116,0.722,Çerçevelik
464,96587,1202.176,477.3562,258.3293,97232,350.6827,0.8409,0.9934,0.653,0.8398,1.8479,0.7346,Çerçevelik
465,64922,987.925,382.434,216.782,65490,287.5087,0.8238,0.9913,0.6994,0.8359,1.7641,0.7518,Çerçevelik
466,83202,1128.535,447.1615,237.7071,83888,325.4782,0.847,0.9918,0.6698,0.8209,1.8811,0.7279,Çerçevelik
467,65832,985.634,382.8722,220.8535,66718,289.5167,0.8169,0.9867,0.7283,0.8516,1.7336,0.7562,Çerçevelik
468,70560,1025.074,402.9124,223.6974,71116,299.7329,0.8317,0.9922,0.7396,0.8438,1.8011,0.7439,Çerçevelik
469,68331,1002.92,396.5549,220.326,68969,294.9606,0.8314,0.9907,0.7423,0.8537,1.7999,0.7438,Çerçevelik
470,76356,1052.424,397.6275,246.8013,77341,311.8004,0.7841,0.9873,0.6886,0.8663,1.6111,0.7842,Çerçevelik
471,74941,1034.963,388.8436,246.4869,75646,308.8978,0.7734,0.9907,0.7344,0.8792,1.5775,0.7944,Ürgüp Sivrisi
472,72465,1059.339,423.733,219.1794,73571,303.752,0.8558,0.985,0.698,0.8115,1.9333,0.7168,Çerçevelik
473,100498,1230.043,480.4655,267.6076,101231,357.7122,0.8305,0.9928,0.6611,0.8347,1.7954,0.7445,Çerçevelik
474,77320,1054.145,401.5085,246.4752,78314,313.7625,0.7894,0.9873,0.7447,0.8744,1.629,0.7815,Çerçevelik
475,98626,1264.03,520.2769,242.0064,99791,354.365,0.8852,0.9883,0.5948,0.7757,2.1498,0.6811,Ürgüp Sivrisi
476,72786,1033.419,387.3048,240.8157,73835,304.4241,0.7832,0.9858,0.725,0.8565,1.6083,0.786,Çerçevelik
477,117469,1408.886,594.9076,252.0248,118327,386.7379,0.9058,0.9927,0.7619,0.7437,2.3605,0.6501,Ürgüp Sivrisi
478,69320,1040.859,417.3041,212.2168,70054,297.0875,0.861,0.9895,0.7499,0.8041,1.9664,0.7119,Ürgüp Sivrisi
479,95117,1205.369,477.8186,254.3343,95970,348.0039,0.8466,0.9911,0.7582,0.8227,1.8787,0.7283,Çerçevelik
480,59486,975.772,399.6035,190.8801,59988,275.2089,0.8785,0.9916,0.7473,0.7851,2.0935,0.6887,Ürgüp Sivrisi
481,90346,1173.761,462.2198,250.0358,91444,339.1638,0.8411,0.988,0.7412,0.8241,1.8486,0.7338,Çerçevelik
482,83148,1108.881,438.9682,241.533,83703,325.3726,0.835,0.9934,0.6906,0.8498,1.8174,0.7412,Çerçevelik
483,68243,1011.246,404.4244,215.334,68741,294.7706,0.8465,0.9928,0.7461,0.8386,1.8781,0.7289,Çerçevelik
484,73465,1047.767,413.6504,227.2644,74089,305.8407,0.8356,0.9916,0.7443,0.8409,1.8201,0.7394,Çerçevelik
485,76809,1106.815,450.0162,218.3582,78095,312.7239,0.8744,0.9835,0.747,0.7879,2.0609,0.6949,Çerçevelik
486,74491,1102.148,459.0467,207.6043,75267,307.969,0.8919,0.9897,0.7279,0.7706,2.2112,0.6709,Çerçevelik
487,75964,1143.323,485.2478,200.5096,76935,310.999,0.9106,0.9874,0.7557,0.7303,2.4201,0.6409,Ürgüp Sivrisi
488,86344,1164.476,472.9563,233.3873,87249,331.5669,0.8698,0.9896,0.7207,0.8002,2.0265,0.7011,Çerçevelik
489,65593,975.947,376.7856,222.4426,66217,288.9907,0.8071,0.9906,0.7633,0.8654,1.6939,0.767,Çerçevelik
490,108392,1360.61,565.6282,245.2117,109408,371.4956,0.9011,0.9907,0.5901,0.7358,2.3067,0.6568,Ürgüp Sivrisi
491,57366,947.175,390.9684,187.5697,57852,270.2604,0.8774,0.9916,0.743,0.8035,2.0844,0.6913,Ürgüp Sivrisi
492,86159,1153.708,444.88,248.0075,87338,331.2115,0.8302,0.9865,0.6673,0.8134,1.7938,0.7445,Çerçevelik
493,75580,1088.163,441.7813,218.4192,76271,310.2119,0.8692,0.9909,0.7582,0.8021,2.0226,0.7022,Çerçevelik
494,75710,1043.526,395.511,244.5521,76522,310.4786,0.7859,0.9894,0.7412,0.8737,1.6173,0.785,Çerçevelik
495,96325,1305.855,551.395,224.9857,97155,350.2068,0.913,0.9915,0.5223,0.7098,2.4508,0.6351,Ürgüp Sivrisi
496,97672,1245.298,512.0015,243.4767,98354,352.6469,0.8797,0.9931,0.6428,0.7915,2.1029,0.6888,Ürgüp Sivrisi
497,74286,1119.418,469.9465,202.6598,75036,307.5449,0.9022,0.99,0.7523,0.745,2.3189,0.6544,Ürgüp Sivrisi
498,85924,1113.974,428.2503,256.8931,86515,330.7595,0.8001,0.9932,0.7242,0.8701,1.667,0.7724,Çerçevelik
499,66512,1057.918,440.6593,192.5683,67301,291.0081,0.8995,0.9883,0.6136,0.7468,2.2883,0.6604,Ürgüp Sivrisi
